FECHA CARGA;HORA CARGA;FECHA TOMA;HORA TOMA;HABITACIÓN;UBICACIÓN;POSTURA;DUERME;ESCONDIDO;AUTOR;NOSOTROS
08/05/2023;0:56;16/03/2017;19:01:16;SALA;SUELO;SENTADO;NO;NO;FLOR;NO 
08/05/2023;0:56;16/03/2017;19:02:55;SALA;SUELO;ACOSTADO;NO;NO;FLOR;NO 
08/05/2023;0:56;16/03/2017;19:03:13;SALA;SUELO;ACOSTADO;NO;NO;FLOR;NO 
08/05/2023;0:56;16/03/2017;19:03:31;SALA;SUELO;ACOSTADO;NO;NO;FLOR;NO 
08/05/2023;0:56;16/03/2017;19:55:29;SALA;SILLON;ACOSTADO;NO;SI;FLOR;NO 
08/05/2023;0:56;16/03/2017;19:56:00;SALA;SILLON;ACOSTADO;SI;NO;CLAUDIO;NO 
08/05/2023;0:56;16/03/2017;19:56:06;SALA;SILLON;ACOSTADO;SI;NO;CLAUDIO;NO 
08/05/2023;0:56;24/03/2017;10:09:17;SALA;SUELO;SENTADO;NO;NO;FLOR;NO 
08/05/2023;0:56;24/03/2017;10:09:22;SALA;SUELO;SENTADO;NO;NO;FLOR;NO 
08/05/2023;0:56;25/03/2017;1:13:15;SALA;CAJA;ACOSTADO;SI;NO;CLAUDIO;NO 
08/05/2023;0:56;25/03/2017;1:13:26;SALA;CAJA;ACOSTADO;SI;NO;CLAUDIO;NO 
08/05/2023;0:56;30/03/2017;23:41:46;SALA;SUELO;TREPA;NO;NO;FLOR;NO 
08/05/2023;0:56;30/03/2017;23:51:59;SALA;SUELO;SENTADO;NO;NO;FLOR;NO 
08/05/2023;0:56;15/04/2017;20:51:17;SALA;SUELO;ACOSTADO;NO;NO;FLOR;SI
08/05/2023;0:56;15/04/2017;20:51:26;SALA;SUELO;ACOSTADO;NO;NO;FLOR;SI
08/05/2023;0:56;15/04/2017;20:51:29;SALA;SUELO;ACOSTADO;NO;NO;FLOR;SI
08/05/2023;0:56;15/04/2017;20:51:35;SALA;SUELO;ACOSTADO;NO;NO;FLOR;SI
08/05/2023;0:56;15/04/2017;20:51:44;SALA;SUELO;ACOSTADO;NO;NO;FLOR;SI
08/05/2023;0:56;21/05/2017;22:01:10;SALA;SILLON;ACOSTADO;NO;NO;FLOR;SI
08/05/2023;0:56;21/05/2017;22:01:48;SALA;SILLON;ACOSTADO;NO;NO;FLOR;SI
08/05/2023;0:56;30/06/2017;19:57:21;SALA;SUELO;ACOSTADO;NO;NO;FLOR;SI
08/05/2023;0:56;30/06/2017;19:57:44;SALA;SUELO;ACOSTADO;NO;NO;FLOR;NO 
08/05/2023;0:56;30/06/2017;19:57:46;SALA;SUELO;ACOSTADO;NO;NO;FLOR;NO 
08/05/2023;0:56;03/07/2017;21:03:24;SALA;SILLON;ACOSTADO;NO;NO;FLOR;SI
08/05/2023;0:56;11/07/2017;8:32:47;BAÑO;SUELO;SENTADO;NO;SI;CLAUDIO;NO 
08/05/2023;0:56;11/07/2017;8:32:59;BAÑO;SUELO;SENTADO;NO;SI;CLAUDIO;NO 
08/05/2023;0:56;21/07/2017;19:56:13;SALA;SILLON;SENTADO;NO;NO;CLAUDIO;NO 
08/05/2023;0:56;23/07/2017;0:57:50;SALA;SILLON;ACOSTADO;SI;NO;CLAUDIO;NO 
08/05/2023;0:56;23/07/2017;0:57:59;SALA;SILLON;ACOSTADO;SI;NO;CLAUDIO;NO 
08/05/2023;0:56;23/07/2017;0:58:08;SALA;SILLON;ACOSTADO;SI;NO;CLAUDIO;NO 
08/05/2023;0:56;25/07/2017;23:37:25;SALA;CAJA;ACOSTADO;NO;NO;FLOR;SI
08/05/2023;0:56;25/07/2017;23:37:34;SALA;CAJA;ACOSTADO;NO;NO;FLOR;NO 
08/05/2023;0:56;28/07/2017;8:28:35;BAÑO;SUELO;SENTADO;NO;NO;CLAUDIO;NO 
08/05/2023;0:56;28/07/2017;8:28:48;BAÑO;SUELO;SENTADO;NO;NO;CLAUDIO;NO 
08/05/2023;0:56;03/08/2017;23:52:33;BAÑO;SUELO;SENTADO;NO;NO;CLAUDIO;NO 
08/05/2023;0:56;03/08/2017;23:53:55;BAÑO;SUELO;TREPA;NO;NO;CLAUDIO;NO 
08/05/2023;0:56;05/08/2017;19:03:53;SALA;SUELO;ACOSTADO;NO;NO;FLOR;NO 
08/05/2023;0:56;05/08/2017;19:03:57;SALA;SUELO;ACOSTADO;NO;NO;FLOR;NO 
08/05/2023;0:56;10/09/2017;11:20:48;SALA;PEDESTAL;PARADO;NO;NO;CLAUDIO;NO 
08/05/2023;0:56;10/09/2017;11:21:13;SALA;PEDESTAL;PARADO;NO;NO;CLAUDIO;NO 
08/05/2023;0:56;10/09/2017;22:29:56;SALA;SUELO;SENTADO;NO;SI;CLAUDIO;NO 
08/05/2023;0:56;16/09/2017;19:52:20;SALA;SUELO;ACOSTADO;NO;NO;FLOR;SI
08/05/2023;0:56;16/09/2017;19:52:38;SALA;SUELO;ACOSTADO;NO;NO;FLOR;SI
08/05/2023;0:56;27/09/2017;9:02:18;SALA;CAJA;ACOSTADO;NO;NO;CLAUDIO;NO 
08/05/2023;0:56;27/09/2017;9:02:26;SALA;CAJA;ACOSTADO;NO;NO;CLAUDIO;NO 
08/05/2023;0:56;06/10/2017;17:38:12;SALA;CAJA;SENTADO;NO;SI;FLOR;NO 
08/05/2023;0:56;06/10/2017;17:38:29;SALA;CAJA;ACOSTADO;NO;SI;FLOR;NO 
08/05/2023;0:56;07/10/2017;0:02:57;SALA;SUELO;ACOSTADO;NO;NO;FLOR;SI
08/05/2023;0:56;07/10/2017;0:03:04;SALA;SUELO;ACOSTADO;NO;NO;FLOR;NO 
08/05/2023;0:56;07/10/2017;0:03:14;SALA;SUELO;ACOSTADO;NO;NO;FLOR;SI
08/05/2023;0:56;07/10/2017;0:03:22;SALA;SUELO;ACOSTADO;NO;NO;FLOR;NO 
08/05/2023;0:56;14/10/2017;13:18:04;SALA;SILLON;ACOSTADO;NO;NO;CLAUDIO;NO 
08/05/2023;0:56;20/10/2017;23:25:07;SALA;CAJA;ACOSTADO;NO;NO;CLAUDIO;NO 
08/05/2023;0:56;20/10/2017;23:25:25;SALA;CAJA;ACOSTADO;NO;NO;CLAUDIO;NO 
08/05/2023;0:56;20/10/2017;23:25:31;SALA;CAJA;ACOSTADO;NO;NO;CLAUDIO;NO 
08/05/2023;0:56;06/11/2017;23:18:26;SALA;SUELO;ACOSTADO;NO;NO;CLAUDIO;NO 
08/05/2023;0:56;06/11/2017;23:18:28;SALA;SUELO;ACOSTADO;NO;NO;CLAUDIO;NO 
08/05/2023;0:57;06/11/2017;23:18:33;SALA;SUELO;ACOSTADO;NO;NO;CLAUDIO;NO 
08/05/2023;0:57;11/11/2017;9:13:57;BAÑO;SUELO;SENTADO;NO;SI;FLOR;NO 
08/05/2023;0:57;11/11/2017;9:14:05;BAÑO;SUELO;SENTADO;NO;SI;FLOR;NO 
08/05/2023;0:57;11/11/2017;9:14:08;BAÑO;SUELO;SENTADO;NO;SI;FLOR;NO 
08/05/2023;0:57;07/12/2017;23:20:02;SALA;SUELO;ACOSTADO;NO;SI;CLAUDIO;NO 
08/05/2023;0:57;07/12/2017;23:20:04;SALA;SUELO;SENTADO;NO;SI;CLAUDIO;NO 
08/05/2023;0:57;15/12/2017;0:56:33;SALA;SUELO;SENTADO;NO;SI;CLAUDIO;NO 
08/05/2023;0:57;23/12/2017;11:43:16;SALA;SUELO;SENTADO;NO;SI;FLOR;NO 
08/05/2023;0:57;23/12/2017;11:43:24;SALA;SUELO;SENTADO;NO;SI;FLOR;NO 
08/05/2023;0:57;23/12/2017;11:43:33;SALA;SUELO;SENTADO;NO;SI;FLOR;NO 
08/05/2023;0:57;23/12/2017;11:43:40;SALA;SUELO;SENTADO;NO;SI;FLOR;NO 
08/05/2023;0:57;23/12/2017;22:23:18;SALA;SUELO;SENTADO;NO;NO;CLAUDIO;NO 
08/05/2023;0:57;23/12/2017;22:24:35;SALA;SUELO;SENTADO;NO;NO;CLAUDIO;NO 
08/05/2023;0:57;23/12/2017;22:24:44;SALA;SUELO;SENTADO;NO;NO;CLAUDIO;NO 
08/05/2023;0:57;23/12/2017;22:24:52;SALA;SUELO;SENTADO;NO;NO;CLAUDIO;NO 
08/05/2023;0:57;23/12/2017;22:24:56;SALA;SUELO;PARADO;NO;NO;CLAUDIO;NO 
08/05/2023;0:57;23/12/2017;22:25:14;SALA;SUELO;SENTADO;NO;NO;CLAUDIO;NO 
08/05/2023;0:57;23/12/2017;22:25:18;SALA;SUELO;SENTADO;NO;NO;CLAUDIO;NO 
08/05/2023;0:57;25/12/2017;10:53:27;SALA;SUELO;ACOSTADO;NO;NO;CLAUDIO;NO 
08/05/2023;0:57;25/12/2017;17:13:33;SALA;SUELO;PARADO;NO;NO;FLOR;NO 
08/05/2023;0:57;25/12/2017;17:13:36;SALA;SUELO;PARADO;NO;NO;FLOR;NO 
08/05/2023;0:57;25/12/2017;17:13:38;SALA;SUELO;PARADO;NO;NO;FLOR;NO 
08/05/2023;0:57;25/12/2017;17:13:39;SALA;SUELO;SENTADO;NO;NO;FLOR;NO 
08/05/2023;0:57;25/12/2017;17:13:43;SALA;SUELO;SENTADO;NO;NO;FLOR;NO 
08/05/2023;0:57;25/12/2017;17:13:45;SALA;SUELO;SENTADO;NO;NO;FLOR;NO 
08/05/2023;0:57;25/12/2017;17:13:46;SALA;SUELO;SENTADO;NO;NO;FLOR;NO 
08/05/2023;0:57;04/01/2018;22:20:28;SALA;SUELO;SENTADO;NO;SI;FLOR;NO 
08/05/2023;0:57;04/01/2018;22:20:32;SALA;SUELO;SENTADO;NO;SI;FLOR;NO 
08/05/2023;0:57;21/01/2018;3:47:42;SALA;CAJA;ACOSTADO;SI;NO;CLAUDIO;NO 
08/05/2023;0:57;21/01/2018;3:47:43;SALA;CAJA;ACOSTADO;SI;NO;CLAUDIO;NO 
08/05/2023;0:57;09/02/2018;8:17:10;SALA;SUELO;ACOSTADO;NO;NO;FLOR;NO 
08/05/2023;0:57;13/02/2018;16:26:32;SALA;SUELO;ACOSTADO;NO;SI;CLAUDIO;NO 
08/05/2023;0:57;17/02/2018;12:32:19;SALA;SUELO;ACOSTADO;NO;NO;FLOR;SI
08/05/2023;0:57;17/02/2018;12:32:31;SALA;SUELO;ACOSTADO;NO;NO;FLOR;SI
08/05/2023;0:57;17/02/2018;12:32:38;SALA;SUELO;ACOSTADO;NO;NO;FLOR;SI
08/05/2023;0:57;17/02/2018;12:32:59;SALA;SUELO;ACOSTADO;NO;NO;FLOR;SI
08/05/2023;0:57;20/03/2018;16:35:06;PIEZA;CAMA;ACOSTADO;NO;NO;FLOR;NO 
08/05/2023;0:57;20/03/2018;16:38:24;PIEZA;CAMA;ACOSTADO;NO;NO;FLOR;NO 
08/05/2023;0:57;24/04/2018;17:03:33;SALA;SILLON;ACOSTADO;SI;NO;FLOR;NO 
08/05/2023;0:57;19/05/2018;0:12:22;SALA;SILLON;ACOSTADO;NO;SI;FLOR;NO 
08/05/2023;0:57;19/05/2018;0:13:36;SALA;SILLON;ACOSTADO;NO;NO;FLOR;NO 
08/05/2023;0:57;19/05/2018;0:34:41;SALA;SILLON;ACOSTADO;NO;NO;FLOR;NO 
08/05/2023;0:57;19/05/2018;23:57:07;SALA;SILLON;SENTADO;NO;NO;CLAUDIO;NO 
08/05/2023;0:57;19/05/2018;23:57:10;SALA;SILLON;SENTADO;NO;NO;CLAUDIO;NO 
08/05/2023;0:57;25/05/2018;8:27:20;PIEZA;CAMA;ACOSTADO;SI;NO;FLOR;NO 
08/05/2023;0:57;25/05/2018;8:29:16;PIEZA;CAMA;ACOSTADO;SI;NO;FLOR;NO 
08/05/2023;0:57;27/05/2018;18:23:53;SALA;SUELO;ACOSTADO;NO;NO;FLOR;SI
08/05/2023;0:57;27/05/2018;18:24:36;SALA;SUELO;ACOSTADO;NO;NO;FLOR;SI
08/05/2023;0:57;27/05/2018;18:24:39;SALA;SUELO;ACOSTADO;NO;NO;FLOR;SI
08/05/2023;0:57;02/06/2018;17:35:39;PIEZA;CAMA;SENTADO;NO;NO;CLAUDIO;NO 
08/05/2023;0:57;26/06/2018;21:48:56;SALA;CAJA;CAMINA;NO;NO;FLOR;NO 
08/05/2023;0:57;26/06/2018;21:49:40;SALA;SUELO;CAMINA;NO;NO;FLOR;NO 
08/05/2023;0:57;26/06/2018;21:51:29;SALA;SUELO;SENTADO;NO;SI;CLAUDIO;NO 
08/05/2023;0:57;26/06/2018;21:51:33;SALA;SUELO;CAMINA;NO;NO;CLAUDIO;NO 
08/05/2023;0:57;30/06/2018;13:38:35;PIEZA;CAMA;ACOSTADO;NO;NO;CLAUDIO;NO 
08/05/2023;0:57;30/06/2018;13:38:39;PIEZA;CAMA;ACOSTADO;NO;NO;CLAUDIO;NO 
08/05/2023;0:57;30/06/2018;13:38:46;PIEZA;CAMA;ACOSTADO;NO;NO;CLAUDIO;NO 
08/05/2023;0:57;04/07/2018;16:29:36;SALA;SUELO;ACOSTADO;NO;NO;FLOR;NO 
08/05/2023;0:57;04/07/2018;16:29:41;SALA;SUELO;ACOSTADO;NO;NO;FLOR;NO 
08/05/2023;0:57;04/07/2018;16:29:49;SALA;CAMA;ACOSTADO;NO;NO;FLOR;NO 
08/05/2023;0:57;04/07/2018;17:00:17;SALA;CAMA;ACOSTADO;NO;NO;FLOR;SI
08/05/2023;0:57;04/07/2018;17:00:19;SALA;CAMA;ACOSTADO;NO;NO;FLOR;SI
08/05/2023;0:57;04/07/2018;17:00:22;SALA;CAMA;ACOSTADO;NO;NO;FLOR;SI
08/05/2023;0:57;07/07/2018;22:55:48;BAÑO;SUELO;ACOSTADO;NO;NO;FLOR;NO 
08/05/2023;0:57;12/07/2018;22:44:02;SALA;SUELO;TREPA;NO;NO;CLAUDIO;NO 
08/05/2023;0:57;12/07/2018;22:44:04;SALA;SUELO;TREPA;NO;NO;CLAUDIO;NO 
08/05/2023;0:57;12/07/2018;22:44:07;SALA;SUELO;TREPA;NO;NO;CLAUDIO;NO 
08/05/2023;0:57;12/07/2018;22:44:08;SALA;SUELO;TREPA;NO;NO;CLAUDIO;NO 
08/05/2023;0:57;12/07/2018;22:44:10;SALA;SUELO;TREPA;NO;NO;CLAUDIO;NO 
08/05/2023;0:57;12/07/2018;22:44:39;SALA;SUELO;TREPA;NO;NO;CLAUDIO;NO 
08/05/2023;0:57;18/07/2018;16:40:18;PIEZA;CAMA;ACOSTADO;NO;NO;CLAUDIO;NO 
08/05/2023;0:57;29/08/2018;14:23:28;SALA;SUELO;ACOSTADO;NO;NO;CLAUDIO;NO 
08/05/2023;0:57;12/09/2018;0:51:42;PIEZA;SUELO;ACOSTADO;NO;SI;CLAUDIO;NO 
08/05/2023;0:57;12/09/2018;0:51:55;PIEZA;SUELO;ACOSTADO;NO;SI;CLAUDIO;NO 
08/05/2023;0:57;12/09/2018;0:51:58;PIEZA;SUELO;ACOSTADO;NO;SI;CLAUDIO;NO 
08/05/2023;0:57;12/09/2018;0:52:03;PIEZA;SUELO;ACOSTADO;NO;SI;CLAUDIO;NO 
08/05/2023;0:57;23/09/2018;3:04:11;SALA;SUELO;ACOSTADO;SI;NO;CLAUDIO;NO 
08/05/2023;0:57;01/10/2018;22:07:16;SALA;SILLON;ACOSTADO;NO;NO;CLAUDIO;NO 
08/05/2023;0:57;07/10/2018;14:10:24;SALA;SUELO;SENTADO;NO;NO;CLAUDIO;NO 
08/05/2023;0:57;07/10/2018;14:10:55;SALA;SUELO;SENTADO;NO;NO;FLOR;SI
08/05/2023;0:57;07/10/2018;14:11:00;SALA;SUELO;SENTADO;NO;NO;FLOR;SI
08/05/2023;0:57;07/10/2018;14:11:22;SALA;SUELO;SENTADO;NO;NO;FLOR;NO 
08/05/2023;0:57;15/10/2018;20:21:09;SALA;SUELO;ACOSTADO;NO;NO;FLOR;SI
08/05/2023;0:57;02/02/2019;18:19:56;PIEZA;CAMA;ACOSTADO;SI;NO;FLOR;NO 
08/05/2023;0:57;02/02/2019;18:20:10;PIEZA;CAMA;ACOSTADO;SI;NO;FLOR;NO 
08/05/2023;0:57;11/02/2019;3:11:12;SALA;CAJA;ACOSTADO;NO;NO;FLOR;NO 
08/05/2023;0:57;30/03/2019;20:30:55;SALA;SUELO;CAMINA;NO;NO;FLOR;NO 
08/05/2023;0:57;30/03/2019;20:31:38;SALA;SUELO;SENTADO;NO;NO;FLOR;NO 
08/05/2023;0:57;01/04/2019;15:01:43;PIEZA;CAMA;ACOSTADO;SI;NO;CLAUDIO;NO 
08/05/2023;0:57;03/04/2019;15:31:48;PIEZA;CAMA;ACOSTADO;SI;NO;CLAUDIO;NO 
08/05/2023;0:57;04/05/2019;13:30:40;SALA;SILLON;ACOSTADO;SI;NO;CLAUDIO;NO 
08/05/2023;0:57;04/05/2019;13:30:53;SALA;SILLON;ACOSTADO;SI;NO;CLAUDIO;NO 
08/05/2023;0:57;04/05/2019;13:31:24;SALA;SILLON;ACOSTADO;SI;NO;CLAUDIO;NO 
08/05/2023;0:57;18/05/2019;12:21:28;SALA;SUELO;CAMINA;NO;NO;CLAUDIO;NO 
08/05/2023;0:57;23/05/2019;20:49:08;SALA;SUELO;ACOSTADO;NO;NO;FLOR;SI
08/05/2023;0:57;23/05/2019;20:49:10;SALA;SUELO;ACOSTADO;NO;NO;FLOR;SI
08/05/2023;0:57;31/05/2019;12:43:07;PIEZA;CAMA;SENTADO;NO;NO;FLOR;NO 
08/05/2023;0:57;31/05/2019;12:45:34;PIEZA;CAMA;SENTADO;NO;NO;FLOR;NO 
08/05/2023;0:57;04/06/2019;20:44:15;SALA;SILLON;ACOSTADO;SI;NO;FLOR;NO 
08/05/2023;0:57;13/06/2019;16:41:40;PIEZA;CAMA;CAMINA;NO;NO;FLOR;NO 
08/05/2023;0:57;27/07/2019;19:05:40;SALA;SUELO;ACOSTADO;NO;NO;FLOR;NO 
08/05/2023;0:57;03/09/2019;0:19:13;BAÑO;SUELO;SENTADO;NO;NO;CLAUDIO;NO 
08/05/2023;0:57;12/09/2019;17:29:21;PIEZA;CAMA;ACOSTADO;NO;NO;FLOR;NO 
08/05/2023;0:57;17/09/2019;0:08:03;SALA;SUELO;SENTADO;NO;SI;FLOR;NO 
08/05/2023;0:57;17/10/2019;0:46:33;SALA;SUELO;ACOSTADO;NO;NO;CLAUDIO;SI
08/05/2023;0:57;08/11/2019;12:48:44;PIEZA;CAMA;ACOSTADO;NO;NO;FLOR;NO 
08/05/2023;0:57;25/11/2019;17:48:25;PIEZA;SUELO;CAMINA;NO;SI;FLOR;NO 
08/05/2023;0:57;25/11/2019;20:38:24;PIEZA;CAMA;ACOSTADO;NO;NO;CLAUDIO;NO 
08/05/2023;0:57;02/12/2019;12:14:36;SALA;SUELO;CAMINA;NO;NO;CLAUDIO;NO 
08/05/2023;0:57;02/12/2019;12:42:24;SALA;SUELO;SENTADO;NO;SI;FLOR;NO 
08/05/2023;0:57;03/01/2020;12:15:56;SALA;SUELO;ACOSTADO;NO;NO;FLOR;NO 
08/05/2023;0:57;07/01/2020;0:51:13;PIEZA;CAMA;ACOSTADO;NO;NO;FLOR;SI
08/05/2023;0:57;07/01/2020;0:51:24;PIEZA;CAMA;ACOSTADO;NO;NO;FLOR;SI
08/05/2023;0:57;08/01/2020;17:44:52;PIEZA;CAMA;ACOSTADO;SI;NO;FLOR;SI
08/05/2023;0:57;29/01/2020;13:21:38;SALA;PEDESTAL;SENTADO;NO;NO;CLAUDIO;NO 
08/05/2023;0:57;05/03/2020;12:43:55;COCINA;SUELO;CAMINA;NO;SI;CLAUDIO;NO 
08/05/2023;0:57;09/03/2020;1:41:51;SALA;PEDESTAL;ACOSTADO;NO;NO;CLAUDIO;NO 
08/05/2023;0:57;28/03/2020;18:41:35;PIEZA;CAMA;ACOSTADO;NO;NO;CLAUDIO;NO 
08/05/2023;0:57;28/03/2020;18:49:07;PIEZA;CAMA;ACOSTADO;NO;NO;CLAUDIO;NO 
08/05/2023;0:57;31/03/2020;12:09:09;PIEZA;CAMA;ACOSTADO;NO;NO;FLOR;NO 
08/05/2023;0:57;15/04/2020;15:27:43;PIEZA;CAMA;ACOSTADO;SI;NO;FLOR;NO 
08/05/2023;0:57;15/04/2020;15:29:44;PIEZA;CAMA;ACOSTADO;SI;NO;FLOR;NO 
08/05/2023;0:57;22/04/2020;12:53:15;COCINA;SUELO;CAMINA;NO;NO;CLAUDIO;NO 
08/05/2023;0:57;02/05/2020;20:05:36;PIEZA;CAMA;ACOSTADO;NO;NO;CLAUDIO;NO 
08/05/2023;0:57;04/05/2020;18:42:44;SALA;SUELO;SENTADO;NO;SI;CLAUDIO;NO 
08/05/2023;0:57;09/05/2020;21:45:57;PIEZA;CAMA;ACOSTADO;SI;NO;CLAUDIO;NO 
08/05/2023;0:57;09/05/2020;21:46:13;PIEZA;CAMA;ACOSTADO;SI;NO;CLAUDIO;NO 
08/05/2023;0:57;25/05/2020;15:02:36;SALA;SUELO;TREPA;NO;NO;FLOR;SI
08/05/2023;0:57;25/05/2020;15:03:00;SALA;SUELO;TREPA;NO;NO;FLOR;SI
08/05/2023;0:57;25/05/2020;15:03:08;SALA;SUELO;TREPA;NO;NO;FLOR;SI
20/06/2020;18:20;03/06/2020;13:33:34;SALA;SILLON;ACOSTADO;NO;NO;FLOR;NO 
20/06/2020;18:20;08/06/2020;0:13:30;SALA;PEDESTAL;ACOSTADO;NO;NO;CLAUDIO;NO 
20/06/2020;18:20;08/06/2020;20:02:47;PIEZA;CAMA;ACOSTADO;SI;NO;CLAUDIO;NO 
20/06/2020;18:20;12/06/2020;21:04:49;PIEZA;CAMA;ACOSTADO;SI;NO;CLAUDIO;NO 
20/06/2020;18:20;16/06/2020;13:46:09;SALA;SILLON;ACOSTADO;NO;NO;CLAUDIO;NO 
20/06/2020;18:20;20/06/2020;11:54:48;PIEZA;CAMA;ACOSTADO;NO;NO;CLAUDIO;NO 
08/05/2023;0:57;22/06/2020;17:16:23;PIEZA;CAMA;ACOSTADO;SI;NO;FLOR;NO 
28/08/2020;11:07;22/06/2020;17:25:35;PIEZA;CAMA;ACOSTADO;NO;NO;CLAUDIO;NO 
28/08/2020;11:07;22/06/2020;17:25:37;PIEZA;CAMA;ACOSTADO;NO;NO;CLAUDIO;NO 
28/08/2020;11:07;22/06/2020;17:25:38;PIEZA;CAMA;ACOSTADO;NO;NO;CLAUDIO;NO 
08/05/2023;0:57;24/06/2020;21:47:29;SALA;SUELO;SENTADO;NO;SI;CLAUDIO;NO 
28/08/2020;11:07;29/06/2020;23:59:50;SALA;SILLON;ACOSTADO;SI;NO;CLAUDIO;NO 
28/08/2020;11:07;29/06/2020;23:59:51;SALA;SILLON;ACOSTADO;SI;NO;CLAUDIO;NO 
08/05/2023;0:57;30/06/2020;17:34:44;SALA;SILLON;ACOSTADO;NO;NO;FLOR;NO 
08/05/2023;0:57;30/06/2020;17:36:36;SALA;SILLON;ACOSTADO;NO;NO;FLOR;NO 
08/05/2023;0:57;09/07/2020;4:38:12;PIEZA;CAMA;ACOSTADO;SI;NO;FLOR;NO 
08/05/2023;0:57;09/07/2020;14:00:21;SALA;SUELO;SENTADO;NO;NO;FLOR;NO 
28/08/2020;11:07;10/07/2020;20:18:05;;SILLON;ACOSTADO;NO;NO;CLAUDIO;SI
28/08/2020;11:07;10/07/2020;20:18:09;;SILLON;ACOSTADO;SI;NO;CLAUDIO;SI
28/08/2020;11:06;10/07/2020;20:18:17;;SILLON;ACOSTADO;SI;NO;CLAUDIO;NO 
28/08/2020;11:06;10/07/2020;20:18:30;;SILLON;ACOSTADO;SI;NO;FLOR;NO 
28/08/2020;11:06;10/07/2020;20:18:44;;SILLON;ACOSTADO;NO;NO;FLOR;NO 
28/08/2020;11:06;10/07/2020;20:18:52;;SILLON;ACOSTADO;NO;NO;FLOR;NO 
28/08/2020;11:06;11/07/2020;12:29:30;PIEZA;CAMA;SENTADO;NO;NO;CLAUDIO;NO 
28/08/2020;11:06;12/07/2020;15:50:23;PIEZA;CAMA;ACOSTADO;SI;NO;CLAUDIO;NO 
28/08/2020;11:06;12/07/2020;15:50:26;PIEZA;CAMA;ACOSTADO;SI;NO;CLAUDIO;NO 
28/08/2020;11:06;12/07/2020;15:50:28;PIEZA;CAMA;ACOSTADO;SI;NO;CLAUDIO;NO 
28/08/2020;11:06;12/07/2020;15:50:29;PIEZA;CAMA;ACOSTADO;SI;NO;CLAUDIO;NO 
28/08/2020;11:06;12/07/2020;23:31:41;SALA;CAMA;ACOSTADO;NO;NO;CLAUDIO;NO 
28/08/2020;11:06;12/07/2020;23:31:47;SALA;CAMA;ACOSTADO;NO;NO;CLAUDIO;NO 
28/08/2020;11:06;13/07/2020;1:22:46;SALA;CAMA;ACOSTADO;NO;NO;CLAUDIO;NO 
08/05/2023;0:57;16/07/2020;21:16:15;SALA;CAMA;ACOSTADO;NO;NO;CLAUDIO;NO 
28/08/2020;11:06;23/07/2020;20:49:24;PIEZA;CAMA;ACOSTADO;NO;NO;FLOR;NO 
08/05/2023;0:57;25/07/2020;18:08:54;SALA;CAJA;ACOSTADO;NO;NO;FLOR;NO 
28/08/2020;11:06;03/08/2020;2:04:51;SALA;CAMA;SENTADO;NO;NO;CLAUDIO;NO 
28/08/2020;11:06;03/08/2020;2:04:55;SALA;CAMA;SENTADO;NO;NO;CLAUDIO;NO 
28/08/2020;11:07;17/08/2020;21:23:02;PIEZA;CAMA;ACOSTADO;SI;NO;CLAUDIO;NO 
09/09/2020;16:02;07/09/2020;0:24:09;PIEZA;CAMA;ACOSTADO;NO;NO;FLOR;NO 
08/12/2020;15:10;13/09/2020;14:35:40;SALA;CAJA;ACOSTADO;NO;NO;FLOR;NO 
08/12/2020;15:10;13/09/2020;14:35:41;SALA;CAJA;ACOSTADO;SI;NO;FLOR;NO 
08/12/2020;15:10;17/09/2020;18:32:40;PIEZA;CAMA;ACOSTADO;SI;NO;CLAUDIO;NO 
08/12/2020;15:10;22/09/2020;17:22:15;PIEZA;CAMA;ACOSTADO;SI;NO;CLAUDIO;NO 
08/12/2020;15:10;25/09/2020;20:21:13;PIEZA;CAMA;ACOSTADO;NO;NO;CLAUDIO;NO 
08/12/2020;15:10;26/09/2020;12:13:44;SALA;PEDESTAL;ACOSTADO;NO;NO;CLAUDIO;NO 
08/12/2020;15:10;26/09/2020;12:14:00;SALA;PEDESTAL;SENTADO;NO;NO;CLAUDIO;NO 
08/12/2020;15:10;26/09/2020;12:14:02;SALA;PEDESTAL;TREPA;NO;NO;CLAUDIO;NO 
08/12/2020;15:10;03/10/2020;13:53:48;PIEZA;CAMA;ACOSTADO;NO;NO;FLOR;NO 
08/12/2020;15:10;08/10/2020;19:49:14;PIEZA;CAMA;ACOSTADO;NO;NO;CLAUDIO;NO 
08/12/2020;15:10;08/10/2020;19:49:15;PIEZA;CAMA;ACOSTADO;NO;NO;CLAUDIO;NO 
08/12/2020;15:10;08/10/2020;19:49:19;PIEZA;CAMA;ACOSTADO;NO;NO;CLAUDIO;NO 
08/12/2020;15:10;08/10/2020;19:49:19;PIEZA;CAMA;ACOSTADO;NO;NO;CLAUDIO;NO 
08/12/2020;15:10;08/10/2020;19:49:21;PIEZA;CAMA;ACOSTADO;NO;NO;CLAUDIO;NO 
08/12/2020;15:10;08/10/2020;19:49:23;PIEZA;CAMA;ACOSTADO;NO;NO;CLAUDIO;NO 
08/12/2020;15:10;08/10/2020;19:49:23;PIEZA;CAMA;ACOSTADO;NO;NO;CLAUDIO;NO 
08/12/2020;15:10;08/10/2020;19:49:23;PIEZA;CAMA;ACOSTADO;NO;NO;CLAUDIO;NO 
08/12/2020;15:10;16/10/2020;12:26:58;SALA;SUELO;ACOSTADO;NO;NO;CLAUDIO;SI
08/12/2020;15:10;16/10/2020;12:26:59;SALA;SUELO;ACOSTADO;NO;NO;CLAUDIO;SI
08/12/2020;15:10;16/10/2020;12:27:00;SALA;SUELO;ACOSTADO;NO;NO;CLAUDIO;SI
08/12/2020;15:10;16/10/2020;12:27:01;SALA;SUELO;ACOSTADO;NO;NO;CLAUDIO;SI
08/12/2020;15:10;16/10/2020;12:27:02;SALA;SUELO;ACOSTADO;NO;NO;CLAUDIO;SI
08/12/2020;15:10;20/10/2020;15:44:23;SALA;SUELO;ACOSTADO;NO;NO;CLAUDIO;NO 
08/12/2020;15:10;20/10/2020;15:44:26;SALA;SUELO;ACOSTADO;NO;NO;CLAUDIO;NO 
08/05/2023;0:57;21/10/2020;21:32:14;SALA;CAJA;ACOSTADO;NO;NO;CLAUDIO;NO 
08/05/2023;0:57;21/10/2020;21:32:25;SALA;CAJA;ACOSTADO;NO;NO;CLAUDIO;NO 
08/05/2023;0:57;21/10/2020;21:32:26;SALA;CAJA;ACOSTADO;NO;NO;CLAUDIO;NO 
08/12/2020;15:10;23/10/2020;14:14:17;SALA;CAJA;ACOSTADO;NO;NO;FLOR;NO 
08/12/2020;15:10;23/10/2020;14:14:18;SALA;CAJA;ACOSTADO;NO;NO;FLOR;NO 
08/12/2020;15:10;23/10/2020;14:14:18;SALA;CAJA;ACOSTADO;NO;NO;FLOR;NO 
08/05/2023;0:57;24/10/2020;21:59:37;SALA;PEDESTAL;ACOSTADO;NO;NO;CLAUDIO;NO 
08/05/2023;0:57;24/10/2020;21:59:45;SALA;PEDESTAL;ACOSTADO;NO;NO;CLAUDIO;NO 
08/05/2023;0:57;24/10/2020;22:00:13;SALA;PEDESTAL;ACOSTADO;NO;NO;CLAUDIO;NO 
08/12/2020;15:10;26/10/2020;10:24:11;SALA;SUELO;ACOSTADO;NO;NO;CLAUDIO;SI
08/12/2020;15:10;26/10/2020;10:24:14;SALA;SUELO;ACOSTADO;NO;NO;CLAUDIO;SI
08/12/2020;15:10;26/10/2020;10:24:26;SALA;SUELO;ACOSTADO;NO;NO;CLAUDIO;SI
08/12/2020;15:10;26/10/2020;10:24:29;SALA;SUELO;ACOSTADO;NO;NO;CLAUDIO;SI
08/12/2020;15:10;31/10/2020;0:46:27;SALA;CAJA;ACOSTADO;NO;NO;FLOR;NO 
08/12/2020;15:10;31/10/2020;0:46:28;PIEZA;CAMA;ACOSTADO;NO;NO;FLOR;NO 
08/12/2020;15:10;31/10/2020;13:55:32;SALA;SUELO;ACOSTADO;NO;NO;CLAUDIO;SI
08/12/2020;15:10;03/11/2020;12:06:13;SALA;CAJA;ACOSTADO;NO;NO;CLAUDIO;SI
08/12/2020;15:10;03/11/2020;13:40:59;SALA;CAJA;ACOSTADO;NO;NO;CLAUDIO;SI
08/12/2020;15:10;03/11/2020;13:41:01;SALA;CAJA;ACOSTADO;NO;NO;CLAUDIO;SI
08/12/2020;15:10;03/11/2020;13:41:05;SALA;CAJA;ACOSTADO;NO;NO;CLAUDIO;SI
08/12/2020;15:10;04/11/2020;15:25:07;PIEZA;CAMA;ACOSTADO;NO;NO;FLOR;NO 
08/05/2023;0:57;04/11/2020;17:01:57;PIEZA;CAMA;ACOSTADO;NO;NO;FLOR;SI
08/12/2020;15:10;04/11/2020;22:20:47;PIEZA;SUELO;SENTADO;NO;SI;FLOR;NO 
08/05/2023;0:57;07/11/2020;0:41:03;PIEZA;CAMA;ACOSTADO;NO;NO;FLOR;NO 
08/05/2023;0:57;13/11/2020;22:39:44;SALA;CAJA;ACOSTADO;NO;NO;FLOR;NO 
08/05/2023;0:57;13/11/2020;22:39:59;SALA;PEDESTAL;ACOSTADO;NO;NO;CLAUDIO;NO 
08/05/2023;0:57;14/11/2020;2:20:17;PIEZA;CAMA;ACOSTADO;NO;NO;FLOR;NO 
08/12/2020;15:10;14/11/2020;17:02:03;PIEZA;CAMA;ACOSTADO;NO;NO;FLOR;NO 
08/12/2020;15:10;14/11/2020;17:02:19;PIEZA;CAMA;ACOSTADO;NO;NO;FLOR;NO 
08/12/2020;15:10;14/11/2020;17:02:37;PIEZA;CAMA;ACOSTADO;NO;NO;FLOR;NO 
08/12/2020;15:09;27/11/2020;11:24:29;SALA;SUELO;SENTADO;NO;NO;CLAUDIO;SI
08/05/2023;0:57;29/11/2020;17:45:24;PIEZA;CAMA;ACOSTADO;NO;NO;FLOR;NO 
08/12/2020;15:09;03/12/2020;10:21:14;SALA;SUELO;SENTADO;NO;NO;CLAUDIO;SI
08/12/2020;15:09;03/12/2020;10:21:17;SALA;SUELO;SENTADO;NO;NO;CLAUDIO;SI
08/05/2023;0:57;07/12/2020;22:14:18;OFICINA;SUELO;SENTADO;NO;NO;FLOR;NO 
08/05/2023;0:57;15/12/2020;20:16:10;PIEZA;CAMA;ACOSTADO;NO;NO;FLOR;NO 
08/05/2023;0:57;19/12/2020;17:54:15;SALA;SUELO;ACOSTADO;NO;NO;FLOR;SI
08/05/2023;0:57;20/12/2020;19:52:18;SALA;CAJA;ACOSTADO;NO;NO;CLAUDIO;NO 
08/05/2023;0:57;28/12/2020;9:58:41;PIEZA;CAMA;ACOSTADO;SI;NO;FLOR;NO 
08/05/2023;0:57;03/01/2021;18:07:41;PIEZA;CAMA;ACOSTADO;SI;NO;FLOR;NO 
08/05/2023;0:57;03/01/2021;18:09:00;PIEZA;CAMA;ACOSTADO;SI;NO;FLOR;NO 
02/02/2021;13:54;04/01/2021;17:25:08;SALA;CAMA;ACOSTADO;NO;NO;CLAUDIO;NO 
02/02/2021;13:54;04/01/2021;17:25:09;SALA;CAMA;ACOSTADO;NO;NO;CLAUDIO;NO 
08/05/2023;0:57;10/01/2021;18:36:15;SALA;SUELO;ACOSTADO;SI;NO;FLOR;NO 
08/05/2023;0:57;12/01/2021;11:27:28;SALA;SUELO;ACOSTADO;NO;NO;FLOR;NO 
08/05/2023;0:57;12/01/2021;11:27:30;SALA;SUELO;ACOSTADO;NO;NO;FLOR;NO 
08/05/2023;0:57;12/01/2021;11:27:32;SALA;SUELO;ACOSTADO;NO;NO;FLOR;NO 
08/05/2023;0:57;12/01/2021;11:27:34;SALA;SUELO;ACOSTADO;NO;NO;FLOR;NO 
08/05/2023;0:57;12/01/2021;11:29:28;SALA;SUELO;ACOSTADO;NO;NO;FLOR;NO 
08/05/2023;0:57;14/01/2021;17:03:48;PIEZA;CAMA;ACOSTADO;SI;NO;CLAUDIO;NO 
08/05/2023;0:57;14/01/2021;17:03:57;PIEZA;CAMA;ACOSTADO;SI;NO;CLAUDIO;NO 
08/05/2023;0:57;14/01/2021;17:15:17;PIEZA;CAMA;ACOSTADO;SI;NO;CLAUDIO;NO 
08/05/2023;0:57;14/01/2021;17:15:23;PIEZA;CAMA;ACOSTADO;SI;NO;CLAUDIO;NO 
02/02/2021;13:54;21/01/2021;11:54:43;SALA;CAJA;ACOSTADO;NO;NO;CLAUDIO;NO 
02/02/2021;13:54;21/01/2021;11:54:45;SALA;CAJA;ACOSTADO;NO;NO;CLAUDIO;NO 
08/05/2023;0:57;26/01/2021;11:47:53;SALA;SUELO;ACOSTADO;NO;NO;CLAUDIO;NO 
08/05/2023;0:57;26/01/2021;11:47:58;SALA;SUELO;ACOSTADO;NO;NO;CLAUDIO;NO 
04/02/2021;15:59;02/02/2021;14:10:06;PIEZA;CAMA;ACOSTADO;SI;NO;FLOR;NO 
08/05/2023;0:57;19/02/2021;17:21:15;PIEZA;CAMA;ACOSTADO;NO;NO;FLOR;SI
08/05/2023;0:57;22/02/2021;15:18:48;OFICINA;SUELO;ACOSTADO;NO;NO;FLOR;NO 
08/05/2023;0:57;22/02/2021;21:32:04;SALA;CAJA;SENTADO;NO;NO;CLAUDIO;NO 
08/05/2023;0:57;22/02/2021;21:32:14;SALA;CAJA;SENTADO;NO;NO;CLAUDIO;NO 
08/05/2023;0:57;22/02/2021;21:32:24;SALA;CAJA;SENTADO;NO;NO;CLAUDIO;NO 
08/05/2023;0:57;09/03/2021;12:53:55;SALA;SUELO;SENTADO;NO;NO;FLOR;NO 
08/05/2023;0:57;09/03/2021;12:53:57;SALA;SUELO;SENTADO;NO;NO;FLOR;NO 
08/05/2023;0:57;20/03/2021;1:02:17;SALA;SUELO;TREPA;NO;NO;FLOR;NO 
08/05/2023;0:57;30/03/2021;18:21:24;PIEZA;CAMA;ACOSTADO;NO;NO;FLOR;NO 
08/05/2023;0:57;15/04/2021;22:32:19;SALA;SUELO;ACOSTADO;NO;SI;CLAUDIO;NO 
08/05/2023;0:57;17/04/2021;12:19:59;SALA;PEDESTAL;ACOSTADO;NO;NO;CLAUDIO;NO 
08/05/2023;0:57;17/04/2021;13:57:50;SALA;SUELO;ACOSTADO;NO;NO;FLOR;NO 
08/05/2023;0:57;17/04/2021;13:57:53;SALA;SUELO;ACOSTADO;NO;NO;FLOR;NO 
08/05/2023;0:57;17/04/2021;13:58:07;SALA;SUELO;ACOSTADO;NO;NO;FLOR;NO 
08/05/2023;0:57;17/04/2021;13:58:13;SALA;SUELO;ACOSTADO;SI;NO;FLOR;NO 
08/05/2023;0:57;24/04/2021;15:04:44;PIEZA;CAMA;ACOSTADO;SI;NO;FLOR;NO 
08/05/2023;0:57;24/04/2021;15:05:08;PIEZA;CAMA;ACOSTADO;SI;NO;FLOR;SI
08/05/2023;0:57;22/05/2021;11:50:26;PIEZA;CAMA;SENTADO;NO;NO;FLOR;NO 
08/05/2023;0:57;22/05/2021;11:50:29;PIEZA;CAMA;SENTADO;NO;NO;FLOR;NO 
08/05/2023;0:57;22/05/2021;11:50:32;PIEZA;CAMA;SENTADO;NO;NO;FLOR;NO 
08/05/2023;0:57;22/05/2021;11:50:38;PIEZA;CAMA;SENTADO;NO;NO;FLOR;NO 
08/05/2023;0:57;22/05/2021;11:50:56;PIEZA;CAMA;SENTADO;NO;NO;FLOR;NO 
08/05/2023;0:57;22/05/2021;11:51:02;PIEZA;CAMA;SENTADO;NO;NO;FLOR;NO 
08/05/2023;0:57;22/05/2021;11:51:07;PIEZA;CAMA;SENTADO;NO;NO;FLOR;NO 
08/05/2023;0:57;22/05/2021;11:51:12;PIEZA;CAMA;SENTADO;NO;NO;FLOR;NO 
08/05/2023;0:57;22/05/2021;11:51:24;PIEZA;CAMA;SENTADO;NO;NO;FLOR;NO 
08/05/2023;0:57;29/05/2021;18:51:01;SALA;SUELO;ACOSTADO;NO;NO;CLAUDIO;NO 
08/05/2023;0:57;01/06/2021;11:04:11;SALA;SUELO;CAMINA;NO;NO;CLAUDIO;NO 
08/05/2023;0:57;01/06/2021;11:04:23;SALA;SUELO;CAMINA;NO;NO;CLAUDIO;NO 
08/05/2023;0:57;05/06/2021;13:19:32;SALA;CAJA;ACOSTADO;NO;NO;FLOR;NO 
08/05/2023;0:57;05/06/2021;13:19:35;SALA;CAJA;ACOSTADO;NO;NO;FLOR;NO 
08/05/2023;0:57;05/06/2021;13:19:39;SALA;CAJA;ACOSTADO;NO;NO;FLOR;NO 
08/05/2023;0:57;05/06/2021;13:19:41;SALA;CAJA;ACOSTADO;NO;NO;FLOR;NO 
08/05/2023;0:57;05/06/2021;13:19:47;SALA;CAJA;ACOSTADO;NO;NO;FLOR;NO 
08/05/2023;0:57;11/06/2021;17:06:29;SALA;SILLON;SENTADO;NO;NO;FLOR;SI
08/05/2023;0:57;11/06/2021;17:07:04;SALA;SILLON;SENTADO;NO;NO;FLOR;SI
08/05/2023;0:57;11/06/2021;17:07:22;SALA;SILLON;SENTADO;NO;NO;FLOR;SI
08/05/2023;0:57;13/06/2021;19:28:23;SALA;SUELO;ACOSTADO;NO;NO;FLOR;SI
08/05/2023;0:57;13/06/2021;19:28:32;SALA;SUELO;ACOSTADO;NO;NO;FLOR;SI
08/05/2023;0:57;20/06/2021;23:27:13;SALA;SILLON;SENTADO;NO;NO;FLOR;NO 
08/05/2023;0:57;20/06/2021;23:27:16;SALA;SILLON;SENTADO;NO;NO;FLOR;NO 
08/05/2023;0:57;24/06/2021;17:07:16;PIEZA;CAMA;ACOSTADO;SI;NO;FLOR;SI
08/05/2023;0:57;30/06/2021;14:19:14;SALA;SILLON;ACOSTADO;SI;NO;FLOR;NO 
08/05/2023;0:57;09/07/2021;16:09:48;PIEZA;SUELO;ACOSTADO;NO;NO;FLOR;SI
08/05/2023;0:57;16/07/2021;16:30:36;PIEZA;CAMA;SENTADO;NO;NO;FLOR;NO 
08/05/2023;0:57;16/07/2021;16:30:40;PIEZA;CAMA;SENTADO;NO;NO;FLOR;NO 
08/05/2023;0:57;19/07/2021;17:44:33;SALA;CAJA;ACOSTADO;NO;NO;FLOR;NO 
08/05/2023;0:57;10/09/2021;17:13:00;PIEZA;CAMA;ACOSTADO;SI;NO;CLAUDIO;NO 
08/05/2023;0:57;05/10/2021;17:42:35;BAÑO;SUELO;SENTADO;NO;SI;FLOR;NO 
07/10/2021;17:24;07/10/2021;17:24:39;SALA;SILLON;ACOSTADO;SI;NO;CLAUDIO;NO 
08/10/2021;21:08;08/10/2021;21:08:29;SALA;SUELO;SENTADO;NO;SI;CLAUDIO;NO 
08/05/2023;0:57;09/10/2021;18:00:56;BAÑO;SUELO;CAMINA;NO;NO;CLAUDIO;NO 
11/10/2021;20:02;11/10/2021;20:02:26;SALA;SUELO;CAMINA;NO;NO;CLAUDIO;NO 
13/10/2021;23:09;13/10/2021;23:09:52;SALA;PEDESTAL;ACOSTADO;NO;NO;FLOR;NO 
06/05/2023;21:01;13/10/2021;23:09:53;SALA;PEDESTAL;ACOSTADO;NO;NO;FLOR;NO 
06/05/2023;21:01;13/10/2021;23:09:54;SALA;PEDESTAL;ACOSTADO;NO;NO;FLOR;NO 
13/10/2021;23:09;13/10/2021;23:09:57;SALA;PEDESTAL;ACOSTADO;NO;NO;FLOR;NO 
16/10/2021;21:51;16/10/2021;21:51:28;SALA;PEDESTAL;SENTADO;NO;NO;FLOR;NO 
18/10/2021;22:38;18/10/2021;22:38:22;SALA;SUELO;SENTADO;NO;SI;CLAUDIO;NO 
19/10/2021;12:08;19/10/2021;12:08:56;SALA;PEDESTAL;ACOSTADO;NO;NO;FLOR;NO 
08/05/2023;0:57;21/10/2021;11:59:14;SALA;SUELO;ACOSTADO;NO;NO;FLOR;NO 
26/10/2021;20:39;26/10/2021;20:39:36;SALA;PEDESTAL;ACOSTADO;NO;NO;FLOR;NO 
26/10/2021;20:39;26/10/2021;20:39:47;SALA;PEDESTAL;ACOSTADO;NO;NO;FLOR;NO 
26/10/2021;20:39;26/10/2021;20:39:49;SALA;PEDESTAL;ACOSTADO;NO;NO;FLOR;NO 
26/10/2021;20:40;26/10/2021;20:40:00;SALA;PEDESTAL;ACOSTADO;NO;NO;FLOR;NO 
26/10/2021;20:40;26/10/2021;20:40:02;SALA;PEDESTAL;ACOSTADO;NO;NO;FLOR;NO 
28/10/2021;13:18;28/10/2021;13:18:13;SALA;PEDESTAL;ACOSTADO;NO;NO;FLOR;NO 
09/11/2021;0:44;09/11/2021;0:44:31;OFICINA;CAMA;ACOSTADO;NO;NO;FLOR;NO 
28/11/2021;13:04;28/11/2021;13:04:32;PIEZA;CAMA;SENTADO;NO;NO;CLAUDIO;NO 
28/11/2021;23:27;28/11/2021;23:27:09;SALA;CAJA;ACOSTADO;NO;SI;CLAUDIO;NO 
29/11/2021;1:11;29/11/2021;1:11:35;SALA;CAJA;ACOSTADO;NO;SI;CLAUDIO;NO 
29/11/2021;1:11;29/11/2021;1:11:37;SALA;CAJA;ACOSTADO;NO;SI;CLAUDIO;NO 
29/11/2021;1:11;29/11/2021;1:11:37;SALA;CAJA;ACOSTADO;NO;SI;CLAUDIO;NO 
29/11/2021;1:11;29/11/2021;1:11:44;SALA;CAJA;ACOSTADO;NO;SI;CLAUDIO;NO 
29/11/2021;1:11;29/11/2021;1:11:46;SALA;CAJA;ACOSTADO;NO;SI;CLAUDIO;NO 
02/12/2021;14:09;02/12/2021;14:09:13;SALA;SILLON;ACOSTADO;NO;NO;CLAUDIO;NO 
02/12/2021;14:09;02/12/2021;14:09:25;SALA;SILLON;ACOSTADO;NO;NO;CLAUDIO;NO 
03/12/2021;13:16;03/12/2021;13:16:06;SALA;SUELO;SENTADO;NO;SI;CLAUDIO;NO 
08/05/2023;0:57;05/12/2021;2:52:14;SALA;CAJA;ACOSTADO;NO;SI;CLAUDIO;NO 
08/05/2023;0:57;06/12/2021;0:35:09;PIEZA;SUELO;ACOSTADO;NO;SI;CLAUDIO;NO 
13/12/2021;18:13;13/12/2021;18:13:16;SALA;SUELO;ACOSTADO;NO;NO;FLOR;NO 
06/05/2023;21:01;24/12/2021;19:54:47;SALA;SUELO;ACOSTADO;NO;NO;FLOR;SI
06/05/2023;21:01;24/12/2021;19:54:48;SALA;SUELO;ACOSTADO;NO;NO;FLOR;SI
06/05/2023;21:01;24/12/2021;19:54:49;SALA;SUELO;ACOSTADO;NO;NO;FLOR;SI
06/05/2023;21:01;24/12/2021;19:54:49;SALA;SUELO;ACOSTADO;NO;NO;FLOR;SI
06/05/2023;21:01;24/12/2021;19:54:51;SALA;SUELO;ACOSTADO;NO;NO;FLOR;SI
06/05/2023;21:01;24/12/2021;19:54:52;SALA;SUELO;ACOSTADO;NO;NO;FLOR;SI
06/05/2023;21:01;24/12/2021;19:54:55;SALA;SUELO;ACOSTADO;NO;NO;FLOR;SI
06/05/2023;21:01;24/12/2021;19:54:56;SALA;SUELO;ACOSTADO;NO;NO;FLOR;SI
06/05/2023;21:01;24/12/2021;19:54:58;SALA;SUELO;ACOSTADO;NO;NO;FLOR;SI
06/05/2023;21:01;24/12/2021;19:54:59;SALA;SUELO;ACOSTADO;NO;NO;FLOR;SI
30/12/2021;15:32;30/12/2021;15:32:50;PIEZA;CAMA;ACOSTADO;NO;NO;CLAUDIO;NO 
30/12/2021;15:32;30/12/2021;15:32:51;PIEZA;CAMA;ACOSTADO;NO;NO;CLAUDIO;NO 
30/12/2021;15:32;30/12/2021;15:32:52;PIEZA;CAMA;ACOSTADO;NO;NO;CLAUDIO;NO 
06/05/2023;21:03;02/02/2022;11:52:19;SALA;CAJA;ACOSTADO;NO;SI;CLAUDIO;NO 
06/05/2023;21:03;02/02/2022;11:52:21;SALA;CAJA;ACOSTADO;NO;SI;CLAUDIO;NO 
06/05/2023;21:03;02/02/2022;11:52:22;SALA;CAJA;ACOSTADO;NO;SI;CLAUDIO;NO 
10/02/2022;12:42;10/02/2022;12:42:20;SALA;CAJA;ACOSTADO;NO;SI;CLAUDIO;NO 
14/02/2022;23:55;14/02/2022;23:55:25;SALA;SUELO;SENTADO;NO;SI;CLAUDIO;NO 
14/02/2022;23:55;14/02/2022;23:55:27;SALA;SUELO;SENTADO;NO;SI;CLAUDIO;NO 
14/02/2022;23:55;14/02/2022;23:55:28;SALA;SUELO;SENTADO;NO;SI;CLAUDIO;NO 
14/02/2022;23:55;14/02/2022;23:55:30;SALA;SUELO;SENTADO;NO;SI;CLAUDIO;NO 
14/02/2022;23:55;14/02/2022;23:55:39;SALA;SUELO;SENTADO;NO;SI;CLAUDIO;NO 
15/02/2022;0:08;15/02/2022;0:08:58;PIEZA;CAMA;SENTADO;NO;NO;FLOR;NO 
15/02/2022;0:09;15/02/2022;0:08:59;PIEZA;CAMA;SENTADO;NO;NO;FLOR;NO 
19/02/2022;11:52;19/02/2022;11:52:26;SALA;SUELO;TREPA;NO;SI;FLOR;NO 
06/05/2023;21:03;03/03/2022;9:07:30;PIEZA;CAMA;ACOSTADO;NO;NO;CLAUDIO;NO 
03/03/2022;9:07;03/03/2022;9:07:32;PIEZA;CAMA;ACOSTADO;NO;NO;CLAUDIO;NO 
05/03/2022;15:58;05/03/2022;15:58:27;SALA;SILLON;ACOSTADO;NO;NO;FLOR;NO 
06/05/2023;21:03;05/03/2022;15:58:28;SALA;SILLON;ACOSTADO;NO;NO;FLOR;NO 
29/03/2022;22:24;29/03/2022;22:23:59;SALA;CAJA;ACOSTADO;NO;NO;CLAUDIO;NO 
29/03/2022;22:24;29/03/2022;22:24:05;SALA;CAJA;ACOSTADO;NO;NO;CLAUDIO;NO 
29/03/2022;22:24;29/03/2022;22:24:16;SALA;CAJA;ACOSTADO;NO;NO;CLAUDIO;NO 
31/03/2022;22:21;31/03/2022;22:21:55;SALA;SUELO;ACOSTADO;NO;NO;CLAUDIO;SI
01/04/2022;8:53;01/04/2022;8:53:26;SALA;SUELO;ACOSTADO;NO;NO;CLAUDIO;NO 
08/04/2022;10:41;08/04/2022;10:41:47;SALA;SUELO;CAMINA;NO;NO;CLAUDIO;SI
24/04/2022;21:55;24/04/2022;21:55:21;BAÑO;SUELO;ACOSTADO;NO;NO;CLAUDIO;NO 
28/04/2022;12:29;28/04/2022;12:29:44;SALA;SUELO;CAMINA;NO;NO;CLAUDIO;SI
03/05/2022;22:00;03/05/2022;22:00:58;SALA;SUELO;TREPA;NO;NO;CLAUDIO;NO 
04/05/2022;23:24;04/05/2022;23:24:13;PIEZA;CAMA;ACOSTADO;NO;NO;CLAUDIO;NO 
17/05/2022;23:27;17/05/2022;23:27:16;PIEZA;CAMA;ACOSTADO;SI;NO;CLAUDIO;NO 
18/05/2022;16:44;18/05/2022;16:44:02;PIEZA;CAMA;ACOSTADO;SI;NO;CLAUDIO;NO 
18/05/2022;20:11;18/05/2022;20:11:01;COCINA;SUELO;SENTADO;NO;NO;CLAUDIO;NO 
18/05/2022;20:11;18/05/2022;20:11:03;COCINA;SUELO;SENTADO;NO;NO;CLAUDIO;NO 
18/05/2022;20:11;18/05/2022;20:11:04;COCINA;SUELO;SENTADO;NO;NO;CLAUDIO;NO 
18/05/2022;20:11;18/05/2022;20:11:09;COCINA;SUELO;SENTADO;NO;NO;CLAUDIO;NO 
19/05/2022;10:32;19/05/2022;10:32:20;SALA;CAJA;SENTADO;NO;NO;CLAUDIO;NO 
19/05/2022;10:32;19/05/2022;10:32:21;SALA;CAJA;SENTADO;NO;NO;CLAUDIO;NO 
19/05/2022;10:32;19/05/2022;10:32:21;SALA;CAJA;SENTADO;NO;NO;CLAUDIO;NO 
19/05/2022;10:36;19/05/2022;10:36:21;SALA;PEDESTAL;SENTADO;NO;NO;CLAUDIO;NO 
19/05/2022;10:36;19/05/2022;10:36:25;SALA;PEDESTAL;SENTADO;NO;NO;CLAUDIO;NO 
19/05/2022;10:36;19/05/2022;10:36:27;SALA;PEDESTAL;SENTADO;NO;NO;CLAUDIO;NO 
19/05/2022;10:36;19/05/2022;10:36:28;SALA;PEDESTAL;ACOSTADO;NO;NO;CLAUDIO;NO 
19/05/2022;10:52;19/05/2022;10:52:00;SALA;SUELO;ACOSTADO;NO;NO;CLAUDIO;NO 
19/05/2022;10:52;19/05/2022;10:52:03;SALA;SUELO;ACOSTADO;NO;NO;CLAUDIO;NO 
19/05/2022;10:52;19/05/2022;10:52:07;SALA;SUELO;ACOSTADO;NO;NO;CLAUDIO;NO 
19/05/2022;10:52;19/05/2022;10:52:09;SALA;SUELO;SENTADO;NO;NO;CLAUDIO;NO 
19/05/2022;10:54;19/05/2022;10:54:18;SALA;SUELO;SENTADO;NO;NO;CLAUDIO;NO 
19/05/2022;10:54;19/05/2022;10:54:24;SALA;SUELO;SENTADO;NO;SI;CLAUDIO;NO 
19/05/2022;10:54;19/05/2022;10:54:31;SALA;SUELO;CAMINA;NO;SI;CLAUDIO;NO 
25/05/2022;21:53;25/05/2022;21:53:50;SALA;SUELO;CAMINA;NO;SI;CLAUDIO;NO 
25/05/2022;21:53;25/05/2022;21:53:52;SALA;SUELO;CAMINA;NO;SI;CLAUDIO;NO 
25/05/2022;21:53;25/05/2022;21:53:58;SALA;SUELO;ACOSTADO;NO;NO;FLOR;NO 
31/05/2022;11:48;31/05/2022;11:48:12;PIEZA;SUELO;ACOSTADO;NO;NO;FLOR;NO 
31/05/2022;23:12;31/05/2022;23:12:01;PIEZA;SUELO;ACOSTADO;NO;NO;FLOR;NO 
31/05/2022;23:12;31/05/2022;23:12:02;PIEZA;SUELO;ACOSTADO;NO;NO;FLOR;NO 
31/05/2022;23:13;31/05/2022;23:13:25;PIEZA;SUELO;ACOSTADO;NO;NO;FLOR;NO 
31/05/2022;23:13;31/05/2022;23:13:30;BAÑO;SUELO;ACOSTADO;NO;NO;FLOR;NO 
03/06/2022;15:08;03/06/2022;15:08:25;SALA;SUELO;SENTADO;NO;NO;FLOR;NO 
12/06/2022;0:44;12/06/2022;0:44:29;SALA;SILLON;ACOSTADO;NO;NO;CLAUDIO;NO 
18/06/2022;12:51;18/06/2022;12:51:50;SALA;SUELO;ACOSTADO;NO;NO;CLAUDIO;NO 
06/05/2023;21:10;26/07/2022;16:51:21;SALA;SUELO;ACOSTADO;NO;NO;CLAUDIO;NO 
06/05/2023;21:10;30/07/2022;20:26:31;SALA;SUELO;ACOSTADO;NO;NO;CLAUDIO;SI
06/05/2023;21:10;06/08/2022;1:12:05;SALA;SUELO;ACOSTADO;NO;NO;FLOR;SI
06/05/2023;21:10;06/08/2022;1:12:14;SALA;SUELO;ACOSTADO;NO;NO;FLOR;SI
06/05/2023;21:10;06/08/2022;1:13:04;SALA;SUELO;ACOSTADO;NO;NO;FLOR;SI
06/05/2023;21:10;26/08/2022;16:27:22;SALA;SUELO;ACOSTADO;NO;NO;CLAUDIO;NO 
06/05/2023;21:10;26/08/2022;16:27:27;SALA;SUELO;ACOSTADO;NO;NO;CLAUDIO;NO 
06/05/2023;21:10;26/08/2022;16:27:34;SALA;SUELO;ACOSTADO;NO;NO;CLAUDIO;NO 
06/05/2023;21:10;26/08/2022;16:27:36;SALA;SUELO;ACOSTADO;NO;NO;CLAUDIO;NO 
06/05/2023;21:10;04/09/2022;20:37:39;SALA;CAJA;TREPA;NO;NO;FLOR;NO 
06/05/2023;21:10;04/09/2022;20:37:42;SALA;CAJA;TREPA;NO;NO;FLOR;NO 
06/05/2023;21:10;06/09/2022;10:38:04;SALA;CAJA;TREPA;NO;NO;CLAUDIO;NO 
06/05/2023;21:10;06/09/2022;10:38:06;SALA;CAJA;TREPA;NO;NO;CLAUDIO;NO 
06/05/2023;21:10;06/09/2022;10:38:07;SALA;CAJA;TREPA;NO;NO;CLAUDIO;NO 
06/05/2023;21:10;07/09/2022;16:28:27;OFICINA;CAMA;ACOSTADO;NO;NO;FLOR;NO 
06/05/2023;21:10;07/09/2022;23:51:17;SALA;SUELO;ACOSTADO;NO;NO;FLOR;NO 
06/05/2023;21:10;07/09/2022;23:51:18;SALA;SUELO;ACOSTADO;NO;NO;FLOR;NO 
06/05/2023;21:10;07/09/2022;23:57:27;SALA;CAJA;ACOSTADO;NO;NO;FLOR;NO 
07/09/2022;23:57;07/09/2022;23:57:29;SALA;CAJA;ACOSTADO;NO;NO;FLOR;NO 
06/05/2023;21:10;08/09/2022;14:20:30;OFICINA;CAMA;ACOSTADO;NO;NO;FLOR;NO 
06/05/2023;21:10;15/09/2022;23:29:31;SALA;SUELO;ACOSTADO;NO;NO;FLOR;NO 
06/05/2023;21:10;18/09/2022;21:03:38;OFICINA;CAMA;ACOSTADO;NO;NO;FLOR;NO 
06/05/2023;21:10;18/09/2022;21:03:39;OFICINA;CAMA;ACOSTADO;NO;NO;FLOR;NO 
01/10/2022;10:50;01/10/2022;10:50:25;SALA;SUELO;CAMINA;NO;NO;FLOR;NO 
01/10/2022;10:50;01/10/2022;10:50:26;SALA;SUELO;CAMINA;NO;NO;FLOR;NO 
01/10/2022;10:50;01/10/2022;10:50:30;SALA;SUELO;CAMINA;NO;NO;FLOR;NO 
01/10/2022;10:50;01/10/2022;10:50:34;SALA;SUELO;CAMINA;NO;NO;FLOR;NO 
02/10/2022;18:15;02/10/2022;18:15:15;OFICINA;CAMA;ACOSTADO;NO;NO;FLOR;NO 
02/10/2022;19:17;02/10/2022;19:17:00;SALA;SUELO;SENTADO;NO;SI;FLOR;NO 
29/10/2022;15:56;29/10/2022;15:56:08;PIEZA;CAMA;ACOSTADO;NO;NO;FLOR;NO 
29/10/2022;20:17;29/10/2022;20:17:08;PIEZA;CAMA;ACOSTADO;NO;NO;FLOR;SI
29/10/2022;20:17;29/10/2022;20:17:10;PIEZA;CAMA;ACOSTADO;NO;NO;FLOR;SI
30/10/2022;1:52;30/10/2022;1:52:00;PIEZA;CAMA;ACOSTADO;NO;NO;FLOR;NO 
18/11/2022;22:41;18/11/2022;22:41:29;COCINA;SUELO;ACOSTADO;NO;NO;CLAUDIO;NO 
18/11/2022;22:41;18/11/2022;22:41:32;COCINA;SUELO;ACOSTADO;NO;NO;CLAUDIO;NO 
21/11/2022;16:29;21/11/2022;16:29:13;PIEZA;CAMA;ACOSTADO;NO;NO;FLOR;NO 
21/11/2022;16:29;21/11/2022;16:29:18;PIEZA;CAMA;ACOSTADO;NO;NO;FLOR;NO 
21/11/2022;16:29;21/11/2022;16:29:18;PIEZA;CAMA;ACOSTADO;NO;NO;FLOR;NO 
30/11/2022;12:57;30/11/2022;12:57:55;SALA;PEDESTAL;ACOSTADO;NO;NO;CLAUDIO;NO 
04/12/2022;1:48;04/12/2022;1:48:46;SALA;CAJA;SENTADO;NO;NO;CLAUDIO;NO 
04/12/2022;12:39;04/12/2022;12:39:16;PIEZA;CAMA;ACOSTADO;NO;NO;FLOR;NO 
13/12/2022;0:03;13/12/2022;0:03:46;PIEZA;CAMA;ACOSTADO;NO;NO;FLOR;NO 
22/12/2022;11:27;22/12/2022;11:27:16;PIEZA;CAMA;ACOSTADO;NO;NO;FLOR;NO 
22/12/2022;11:27;22/12/2022;11:27:26;PIEZA;CAMA;ACOSTADO;NO;NO;FLOR;NO 
22/12/2022;11:27;22/12/2022;11:27:38;PIEZA;CAMA;ACOSTADO;NO;NO;FLOR;NO 
22/12/2022;11:27;22/12/2022;11:27:41;PIEZA;CAMA;ACOSTADO;NO;NO;FLOR;NO 
26/12/2022;23:37;26/12/2022;23:37:27;SALA;SUELO;ACOSTADO;NO;NO;FLOR;NO 
30/12/2022;21:41;30/12/2022;21:41:08;SALA;SUELO;ACOSTADO;NO;NO;FLOR;NO 
05/02/2023;23:40;05/02/2023;23:40:38;SALA;SILLON;ACOSTADO;NO;NO;FLOR;NO 
05/02/2023;23:40;05/02/2023;23:40:40;SALA;SILLON;ACOSTADO;NO;NO;FLOR;NO 
20/02/2023;16:20;20/02/2023;16:20:23;PIEZA;CAMA;ACOSTADO;NO;NO;FLOR;NO 
25/03/2023;2:45;25/03/2023;2:45:49;SALA;PEDESTAL;ACOSTADO;NO;NO;CLAUDIO;NO 
27/03/2023;17:23;27/03/2023;17:23:58;SALA;SILLON;ACOSTADO;NO;NO;CLAUDIO;NO 
08/05/2023;0:57;29/09/2016;NULL;SALA;SUELO;SENTADO;NO;NO;CLAUDIO;NO 
08/05/2023;0:57;14/02/2017;NULL;SALA;SUELO;ACOSTADO;NO;NO;CLAUDIO;NO 
08/05/2023;0:57;14/02/2017;NULL;SALA;SUELO;ACOSTADO;NO;NO;CLAUDIO;NO 
08/05/2023;0:57;02/03/2017;NULL;SALA;SUELO;ACOSTADO;NO;NO;CLAUDIO;NO 
08/05/2023;0:57;17/03/2017;NULL;SALA;SUELO;TREPA;NO;NO;CLAUDIO;NO 
08/05/2023;0:57;17/03/2017;NULL;SALA;SILLON;ACOSTADO;NO;NO;CLAUDIO;NO 
08/05/2023;0:57;17/03/2017;NULL;BAÑO;SUELO;CAMINA;NO;NO;CLAUDIO;NO 
08/05/2023;0:57;18/03/2017;NULL;SALA;SUELO;ACOSTADO;NO;SI;CLAUDIO;NO 
08/05/2023;0:57;19/03/2017;NULL;SALA;SUELO;ACOSTADO;NO;NO;CLAUDIO;NO 
08/05/2023;0:57;20/03/2017;NULL;SALA;SUELO;ACOSTADO;NO;NO;CLAUDIO;NO 
08/05/2023;0:57;20/03/2017;NULL;COCINA;SUELO;ACOSTADO;NO;SI;FLOR;NO 
08/05/2023;0:57;23/03/2017;NULL;SALA;SILLON;SENTADO;NO;NO;CLAUDIO;NO 
08/05/2023;0:57;23/03/2017;NULL;SALA;SILLON;ACOSTADO;NO;NO;FLOR;NO 
08/05/2023;0:57;24/03/2017;NULL;SALA;SUELO;CAMINA;NO;NO;FLOR;NO 
08/05/2023;0:57;24/03/2017;NULL;SALA;SILLON;ACOSTADO;NO;NO;FLOR;NO 
08/05/2023;0:57;01/04/2017;NULL;SALA;SUELO;TREPA;NO;NO;CLAUDIO;NO 
08/05/2023;0:57;02/04/2017;NULL;SALA;SILLON;SENTADO;NO;NO;FLOR;NO 
08/05/2023;0:57;03/04/2017;NULL;SALA;SUELO;ACOSTADO;NO;NO;FLOR;NO 
08/05/2023;0:57;04/04/2017;NULL;PIEZA;CAMA;ACOSTADO;NO;NO;FLOR;NO 
08/05/2023;0:57;04/04/2017;NULL;PIEZA;CAMA;ACOSTADO;NO;NO;FLOR;NO 
08/05/2023;0:57;18/04/2017;NULL;PIEZA;CAMA;ACOSTADO;NO;NO;FLOR;NO 
08/05/2023;0:57;22/04/2017;NULL;SALA;SUELO;SENTADO;NO;NO;FLOR;NO 
08/05/2023;0:57;22/04/2017;NULL;SALA;SUELO;SENTADO;NO;NO;FLOR;NO 
08/05/2023;0:57;24/04/2017;NULL;SALA;SILLON;ACOSTADO;NO;NO;CLAUDIO;NO 
08/05/2023;0:57;25/04/2017;NULL;SALA;SILLON;ACOSTADO;NO;NO;CLAUDIO;NO 
08/05/2023;0:57;25/04/2017;NULL;SALA;SILLON;ACOSTADO;NO;NO;CLAUDIO;NO 
08/05/2023;0:57;29/04/2017;NULL;SALA;SUELO;ACOSTADO;NO;NO;FLOR;NO 
08/05/2023;0:57;30/04/2017;NULL;PIEZA;CAMA;ACOSTADO;NO;NO;FLOR;NO 
08/05/2023;0:57;04/05/2017;NULL;SALA;SUELO;ACOSTADO;NO;NO;FLOR;NO 
08/05/2023;0:57;05/05/2017;NULL;SALA;SUELO;ACOSTADO;NO;NO;FLOR;NO 
08/05/2023;0:57;05/05/2017;NULL;SALA;SUELO;ACOSTADO;NO;NO;FLOR;NO 
08/05/2023;0:57;05/05/2017;NULL;SALA;SUELO;ACOSTADO;NO;NO;FLOR;NO 
08/05/2023;0:57;05/05/2017;NULL;SALA;SUELO;ACOSTADO;NO;NO;FLOR;NO 
08/05/2023;0:57;16/05/2017;NULL;SALA;SUELO;SENTADO;NO;NO;CLAUDIO;NO 
08/05/2023;0:57;19/05/2017;NULL;SALA;SUELO;SENTADO;NO;NO;CLAUDIO;NO 
08/05/2023;0:57;22/05/2017;NULL;SALA;SUELO;SENTADO;NO;NO;CLAUDIO;NO 
08/05/2023;0:57;27/05/2017;NULL;SALA;SUELO;SENTADO;NO;NO;CLAUDIO;NO 
08/05/2023;0:57;14/06/2017;NULL;SALA;SILLON;ACOSTADO;NO;NO;FLOR;NO 
08/05/2023;0:57;14/06/2017;NULL;BAÑO;SUELO;CAMINA;NO;SI;FLOR;NO 
08/05/2023;0:57;21/06/2017;NULL;SALA;SILLON;ACOSTADO;SI;NO;CLAUDIO;NO 
08/05/2023;0:57;25/06/2017;NULL;SALA;SUELO;ACOSTADO;SI;NO;CLAUDIO;NO 
08/05/2023;0:57;21/07/2017;NULL;SALA;SILLON;ACOSTADO;SI;NO;CLAUDIO;NO 
08/05/2023;0:57;21/07/2017;NULL;SALA;SILLON;ACOSTADO;SI;NO;CLAUDIO;NO 
08/05/2023;0:57;26/07/2017;NULL;SALA;SUELO;ACOSTADO;NO;NO;CLAUDIO;NO 
08/05/2023;0:57;07/08/2017;NULL;SALA;CAJA;ACOSTADO;SI;NO;FLOR;NO 
08/05/2023;0:57;07/08/2017;NULL;SALA;CAJA;ACOSTADO;SI;NO;FLOR;NO 
08/05/2023;0:57;22/08/2017;NULL;SALA;SUELO;SENTADO;NO;NO;FLOR;SI
08/05/2023;0:57;22/08/2017;NULL;SALA;SUELO;SENTADO;NO;NO;FLOR;SI
08/05/2023;0:57;31/08/2017;NULL;SALA;SUELO;SENTADO;NO;NO;FLOR;NO 
08/05/2023;0:57;09/09/2017;NULL;SALA;SUELO;CAMINA;NO;NO;FLOR;NO 
08/05/2023;0:57;09/09/2017;NULL;SALA;SUELO;CAMINA;NO;NO;FLOR;NO 
08/05/2023;0:57;15/09/2017;NULL;SALA;SUELO;SENTADO;NO;NO;FLOR;NO 
08/05/2023;0:57;15/09/2017;NULL;SALA;SUELO;ACOSTADO;NO;NO;FLOR;NO 
08/05/2023;0:57;16/09/2017;NULL;SALA;SUELO;ACOSTADO;NO;NO;FLOR;SI
08/05/2023;0:57;23/09/2017;NULL;SALA;SILLON;ACOSTADO;NO;NO;FLOR;NO 
08/05/2023;0:57;23/09/2017;NULL;SALA;PEDESTAL;ACOSTADO;SI;NO;FLOR;NO 
08/05/2023;0:57;23/09/2017;NULL;SALA;PEDESTAL;ACOSTADO;SI;NO;FLOR;NO 
08/05/2023;0:57;27/09/2017;NULL;SALA;CAJA;ACOSTADO;SI;NO;FLOR;NO 
08/05/2023;0:57;27/09/2017;NULL;SALA;SILLON;ACOSTADO;NO;NO;CLAUDIO;NO 
08/05/2023;0:57;30/09/2017;NULL;SALA;SILLON;ACOSTADO;SI;NO;CLAUDIO;NO 
08/05/2023;0:57;06/10/2017;NULL;SALA;SUELO;SENTADO;NO;NO;CLAUDIO;NO 
08/05/2023;0:57;06/10/2017;NULL;SALA;SUELO;SENTADO;NO;NO;CLAUDIO;NO 
08/05/2023;0:57;06/10/2017;NULL;SALA;SUELO;SENTADO;NO;NO;CLAUDIO;NO 
08/05/2023;0:57;06/10/2017;NULL;SALA;CAJA;ACOSTADO;SI;NO;CLAUDIO;NO 
08/05/2023;0:57;06/10/2017;NULL;SALA;PEDESTAL;ACOSTADO;NO;NO;CLAUDIO;NO 
08/05/2023;0:57;06/10/2017;NULL;SALA;PEDESTAL;ACOSTADO;NO;NO;CLAUDIO;NO 
08/05/2023;0:57;06/10/2017;NULL;SALA;SUELO;CAMINA;NO;NO;CLAUDIO;NO 
08/05/2023;0:57;14/10/2017;NULL;SALA;SILLON;ACOSTADO;SI;NO;CLAUDIO;NO 
08/05/2023;0:57;14/10/2017;NULL;SALA;SILLON;ACOSTADO;SI;NO;CLAUDIO;NO 
08/05/2023;0:57;20/10/2017;NULL;SALA;SUELO;SENTADO;NO;NO;FLOR;NO 
08/05/2023;0:57;23/12/2017;NULL;SALA;SUELO;SENTADO;NO;NO;FLOR;NO 
08/05/2023;0:57;27/12/2017;NULL;SALA;SUELO;ACOSTADO;NO;NO;CLAUDIO;NO 
08/05/2023;0:57;30/12/2017;NULL;SALA;SUELO;ACOSTADO;NO;NO;CLAUDIO;NO 
08/05/2023;0:57;30/12/2017;NULL;SALA;SUELO;ACOSTADO;NO;NO;CLAUDIO;NO 
08/05/2023;0:57;07/02/2018;NULL;SALA;CAJA;ACOSTADO;NO;NO;FLOR;NO 
08/05/2023;0:57;07/02/2018;NULL;SALA;CAJA;ACOSTADO;NO;NO;FLOR;NO 
08/05/2023;0:57;09/02/2018;NULL;SALA;SILLON;ACOSTADO;NO;NO;FLOR;NO 
08/05/2023;0:57;20/02/2018;NULL;SALA;SUELO;ACOSTADO;NO;NO;FLOR;NO 
08/05/2023;0:57;21/02/2018;NULL;PIEZA;CAMA;ACOSTADO;NO;NO;FLOR;NO 
08/05/2023;0:57;28/02/2018;NULL;PIEZA;CAMA;ACOSTADO;NO;NO;FLOR;NO 
08/05/2023;0:57;28/02/2018;NULL;PIEZA;CAMA;ACOSTADO;NO;NO;FLOR;NO 
08/05/2023;0:57;28/02/2018;NULL;PIEZA;CAMA;ACOSTADO;NO;NO;FLOR;NO 
08/05/2023;0:57;01/03/2018;NULL;SALA;SILLON;ACOSTADO;NO;NO;CLAUDIO;NO 
08/05/2023;0:57;07/03/2018;NULL;OFICINA;SUELO;SENTADO;NO;NO;FLOR;NO 
08/05/2023;0:57;11/03/2018;NULL;PIEZA;CAMA;ACOSTADO;NO;NO;CLAUDIO;NO 
08/05/2023;0:57;13/03/2018;NULL;SALA;SILLON;ACOSTADO;NO;NO;CLAUDIO;NO 
08/05/2023;0:57;13/03/2018;NULL;SALA;SUELO;ACOSTADO;NO;NO;CLAUDIO;NO 
08/05/2023;0:57;16/03/2018;NULL;SALA;SILLON;SENTADO;NO;NO;CLAUDIO;NO 
08/05/2023;0:57;27/03/2018;NULL;SALA;SUELO;ACOSTADO;NO;NO;CLAUDIO;NO 
08/05/2023;0:57;29/03/2018;NULL;PIEZA;CAMA;CAMINA;NO;NO;CLAUDIO;NO 
08/05/2023;0:57;02/04/2018;NULL;SALA;SUELO;SENTADO;NO;NO;FLOR;NO 
08/05/2023;0:57;03/04/2018;NULL;SALA;SILLON;ACOSTADO;NO;NO;FLOR;NO 
08/05/2023;0:57;05/04/2018;NULL;SALA;SUELO;SENTADO;NO;NO;FLOR;NO 
08/05/2023;0:57;05/04/2018;NULL;SALA;SUELO;SENTADO;NO;NO;FLOR;NO 
08/05/2023;0:57;09/04/2018;NULL;SALA;CAJA;ACOSTADO;NO;NO;FLOR;NO 
08/05/2023;0:57;09/04/2018;NULL;SALA;CAJA;ACOSTADO;NO;NO;FLOR;NO 
08/05/2023;0:57;08/05/2018;NULL;SALA;CAJA;ACOSTADO;NO;NO;FLOR;NO 
08/05/2023;0:57;11/05/2018;NULL;SALA;SUELO;ACOSTADO;NO;NO;FLOR;NO 
08/05/2023;0:57;13/05/2018;NULL;SALA;SILLON;ACOSTADO;NO;NO;FLOR;NO 
08/05/2023;0:57;13/05/2018;NULL;SALA;SILLON;ACOSTADO;NO;NO;FLOR;NO 
08/05/2023;0:57;13/05/2018;NULL;SALA;SILLON;ACOSTADO;NO;NO;FLOR;NO 
08/05/2023;0:57;15/05/2018;NULL;SALA;SUELO;ACOSTADO;NO;NO;FLOR;SI
08/05/2023;0:57;18/05/2018;NULL;PIEZA;CAMA;ACOSTADO;NO;NO;FLOR;NO 
08/05/2023;0:57;18/05/2018;NULL;PIEZA;CAMA;ACOSTADO;NO;NO;FLOR;NO 
08/05/2023;0:57;23/05/2018;NULL;PIEZA;CAMA;ACOSTADO;NO;NO;FLOR;NO 
08/05/2023;0:57;30/05/2018;NULL;PIEZA;CAMA;ACOSTADO;NO;NO;FLOR;NO 
08/05/2023;0:57;30/05/2018;NULL;PIEZA;CAMA;ACOSTADO;NO;NO;FLOR;NO 
08/05/2023;0:57;31/05/2018;NULL;SALA;SUELO;SENTADO;NO;NO;CLAUDIO;NO 
08/05/2023;0:57;02/06/2018;NULL;PIEZA;CAMA;ACOSTADO;NO;NO;FLOR;NO 
08/05/2023;0:57;07/06/2018;NULL;SALA;SILLON;ACOSTADO;NO;NO;CLAUDIO;NO 
08/05/2023;0:57;08/06/2018;NULL;SALA;SUELO;SENTADO;NO;SI;CLAUDIO;NO 
08/05/2023;0:57;09/06/2018;NULL;PIEZA;CAMA;ACOSTADO;NO;NO;CLAUDIO;NO 
08/05/2023;0:57;09/06/2018;NULL;PIEZA;CAMA;ACOSTADO;NO;NO;CLAUDIO;NO 
08/05/2023;0:57;12/06/2018;NULL;PIEZA;CAMA;ACOSTADO;NO;NO;FLOR;NO 
08/05/2023;0:57;12/06/2018;NULL;PIEZA;CAMA;ACOSTADO;NO;NO;FLOR;NO 
08/05/2023;0:57;14/06/2018;NULL;PIEZA;CAMA;ACOSTADO;NO;NO;CLAUDIO;NO 
08/05/2023;0:57;14/06/2018;NULL;PIEZA;CAMA;SENTADO;NO;NO;FLOR;NO 
08/05/2023;0:57;24/06/2018;NULL;SALA;SUELO;SENTADO;NO;NO;CLAUDIO;NO 
08/05/2023;0:57;27/06/2018;NULL;PIEZA;CAMA;CAMINA;NO;NO;FLOR;NO 
08/05/2023;0:57;28/06/2018;NULL;SALA;SUELO;ACOSTADO;NO;NO;FLOR;SI
08/05/2023;0:57;03/07/2018;NULL;SALA;SUELO;ACOSTADO;NO;NO;CLAUDIO;SI
08/05/2023;0:57;03/07/2018;NULL;SALA;SUELO;SENTADO;NO;SI;CLAUDIO;NO 
08/05/2023;0:57;04/07/2018;NULL;SALA;SUELO;ACOSTADO;NO;NO;FLOR;NO 
08/05/2023;0:57;04/07/2018;NULL;SALA;SUELO;ACOSTADO;NO;NO;FLOR;NO 
08/05/2023;0:57;10/07/2018;NULL;PIEZA;SUELO;SENTADO;NO;NO;CLAUDIO;SI
08/05/2023;0:57;11/07/2018;NULL;SALA;SUELO;ACOSTADO;NO;NO;FLOR;NO 
08/05/2023;0:57;13/07/2018;NULL;SALA;CAJA;ACOSTADO;NO;NO;FLOR;NO 
08/05/2023;0:57;18/07/2018;NULL;SALA;SILLON;ACOSTADO;NO;NO;FLOR;NO 
08/05/2023;0:57;23/07/2018;NULL;SALA;SUELO;CAMINA;NO;NO;FLOR;NO 
08/05/2023;0:57;23/07/2018;NULL;SALA;SUELO;ACOSTADO;NO;SI;FLOR;NO 
08/05/2023;0:57;25/07/2018;NULL;SALA;SILLON;ACOSTADO;SI;NO;CLAUDIO;NO 
08/05/2023;0:57;25/07/2018;NULL;SALA;SILLON;ACOSTADO;SI;NO;CLAUDIO;NO 
08/05/2023;0:57;25/07/2018;NULL;SALA;SUELO;ACOSTADO;NO;NO;FLOR;NO 
08/05/2023;0:57;01/08/2018;NULL;SALA;SILLON;ACOSTADO;NO;NO;FLOR;NO 
08/05/2023;0:57;15/08/2018;NULL;SALA;CAJA;ACOSTADO;NO;NO;FLOR;NO 
08/05/2023;0:57;17/08/2018;NULL;SALA;SUELO;ACOSTADO;NO;NO;FLOR;NO 
08/05/2023;0:57;17/08/2018;NULL;PIEZA;CAMA;ACOSTADO;NO;NO;FLOR;NO 
08/05/2023;0:57;22/08/2018;NULL;SALA;SUELO;SENTADO;NO;NO;CLAUDIO;NO 
08/05/2023;0:57;26/08/2018;NULL;COCINA;SUELO;SENTADO;NO;NO;CLAUDIO;NO 
08/05/2023;0:57;28/08/2018;NULL;SALA;SILLON;ACOSTADO;NO;NO;CLAUDIO;NO 
08/05/2023;0:57;29/08/2018;NULL;SALA;SUELO;SENTADO;NO;NO;CLAUDIO;SI
08/05/2023;0:57;31/08/2018;NULL;SALA;SUELO;SENTADO;NO;NO;CLAUDIO;SI
08/05/2023;0:57;04/09/2018;NULL;SALA;SUELO;ACOSTADO;NO;SI;CLAUDIO;NO 
08/05/2023;0:57;12/09/2018;NULL;SALA;SUELO;ACOSTADO;NO;NO;CLAUDIO;NO 
08/05/2023;0:57;12/09/2018;NULL;SALA;SUELO;ACOSTADO;NO;NO;CLAUDIO;NO 
08/05/2023;0:57;19/09/2018;NULL;SALA;SUELO;ACOSTADO;NO;NO;CLAUDIO;NO 
08/05/2023;0:57;19/09/2018;NULL;SALA;SUELO;ACOSTADO;NO;NO;CLAUDIO;NO 
08/05/2023;0:57;19/09/2018;NULL;SALA;SUELO;CAMINA;NO;NO;CLAUDIO;NO 
